{
    "$schema": "https://schema.management.azure.com/schemas/2015-01-01/deploymentParameters.json#",
    "contentVersion": "1.0.0.0",
    "parameters": {
        "location": {
            "value": "eastus"
        },
        "networkInterfaceName": {
            "value": "blockchain-machine417"
        },
        "networkSecurityGroupName": {
            "value": "blockchain-machine-nsg"
        },
        "networkSecurityGroupRules": {
            "value": [
                {
                    "name": "HTTP",
                    "properties": {
                        "priority": 300,
                        "protocol": "TCP",
                        "access": "Allow",
                        "direction": "Inbound",
                        "sourceAddressPrefix": "*",
                        "sourcePortRange": "*",
                        "destinationAddressPrefix": "*",
                        "destinationPortRange": "80"
                    }
                },
                {
                    "name": "HTTPS",
                    "properties": {
                        "priority": 320,
                        "protocol": "TCP",
                        "access": "Allow",
                        "direction": "Inbound",
                        "sourceAddressPrefix": "*",
                        "sourcePortRange": "*",
                        "destinationAddressPrefix": "*",
                        "destinationPortRange": "443"
                    }
                },
                {
                    "name": "SSH",
                    "properties": {
                        "priority": 340,
                        "protocol": "TCP",
                        "access": "Allow",
                        "direction": "Inbound",
                        "sourceAddressPrefix": "*",
                        "sourcePortRange": "*",
                        "destinationAddressPrefix": "*",
                        "destinationPortRange": "22"
                    }
                },
                {
                    "name": "RDP",
                    "properties": {
                        "priority": 360,
                        "protocol": "TCP",
                        "access": "Allow",
                        "direction": "Inbound",
                        "sourceAddressPrefix": "*",
                        "sourcePortRange": "*",
                        "destinationAddressPrefix": "*",
                        "destinationPortRange": "3389"
                    }
                }
            ]
        },
        "subnetName": {
            "value": "default"
        },
        "virtualNetworkName": {
            "value": "azurelearning-vnet"
        },
        "addressPrefixes": {
            "value": [
                "10.0.0.0/24"
            ]
        },
        "subnets": {
            "value": [
                {
                    "name": "default",
                    "properties": {
                        "addressPrefix": "10.0.0.0/24"
                    }
                }
            ]
        },
        "publicIpAddressName": {
            "value": "blockchain-machine-ip"
        },
        "publicIpAddressType": {
            "value": "Dynamic"
        },
        "publicIpAddressSku": {
            "value": "Basic"
        },
        "virtualMachineName": {
            "value": "blockchain-machine"
        },
        "virtualMachineRG": {
            "value": "azurelearning"
        },
        "osDiskType": {
            "value": "Standard_LRS"
        },
        "virtualMachineSize": {
            "value": "Standard_B2ms"
        },
        "adminUsername": {
            "value": "rai"
        },
        "adminPublicKey": {
            "value": null
        }
    }
}